model,aic,bic,deviance,scale,test_rmse,test_mae,test_r2,test_mape,n_train,n_test
Gamma GLM,213942.24778081424,-78997.59528309913,11069.34441347973,1.5692790237770802,39175.89874468165,29560.26274295412,-0.13304804158674388,662.1056107803222,9822,1085
Tweedie (p=1.4),825146.7823982787,788268499.8386474,788491138.3916306,281528436.40139097,30287.075269569275,12378.217318667403,-0.20010432767923403,99.97215429530901,22264,2864
