auc_roc,avg_precision,optimal_threshold,cv_auc_mean,cv_auc_std
0.686921362925237,0.48154406983540676,0.8462220922068346,0.7282663634990743,0.015370269586146961
