auc_roc,avg_precision,optimal_threshold,cv_auc_mean,cv_auc_std
0.6729730394871226,0.4254120038706338,0.9608509835480646,0.699129504527333,0.009694590872645601
