power,aic,deviance,converged
1.1,,,False
1.2,1279640.899659257,1463822378.759673,True
1.3,976212.1760801177,1049978887.6424712,True
1.4,825146.7823982787,788491138.3916306,True
1.5,,,False
1.6,,,False
1.7,245618.70591535978,1474366.819164361,False
1.8,249783.26372902133,842807.6398177386,False
1.9,264893.86944096046,645773.7460537055,False
